{
    "北京师范大学": [
        116.35896486666667,
        39.96049388888889
    ],
    "元大都城垣遗址公园": [
        116.34770509090907,
        39.96617156060607
    ],
    "教二楼": [
        116.35184315,
        39.95914305714286
    ],
    "国际汉语培训中心": [
        116.34979845,
        39.96296031666667
    ],
    "学生发展中心": [
        116.35162546,
        39.96208872
    ],
    "Maan Coffee": [
        116.35133026000001,
        39.9623063
    ],
    "留学生2号公寓": [
        116.3490194,
        39.96263332
    ],
    "学生13号公寓": [
        116.34905874,
        39.96177026
    ],
    "学生5号公寓": [
        116.34957623333334,
        39.96224853333334
    ],
    "学生3号公寓": [
        116.34957560000001,
        39.96154896
    ],
    "学生8号公寓": [
        116.3504159,
        39.96223072
    ],
    "学生4号公寓": [
        116.35043759999999,
        39.96157042
    ],
    "学生1号公寓": [
        116.3496417076923,
        39.961095646153844
    ],
    "学生2号公寓": [
        116.35050226153845,
        39.96111426923077
    ],
    "北京邮电大学": [
        116.35123883333334,
        39.961313
    ],
    "操场": [
        116.3531469625,
        39.96135
    ],
    "励耘9号楼": [
        116.35526297999999,
        39.96217874
    ],
    "北京邮电大学社区卫生服务中心": [
        116.35063942727271,
        39.95852596363636
    ],
    "宏途书店": [
        116.35054832,
        39.9582476
    ],
    "科研楼": [
        116.35281992857144,
        39.96277391428571
    ],
    "教学楼4": [
        116.35008660476188,
        39.96056334285714
    ],
    "中国移动通信": [
        116.34908215714286,
        39.96006585714286
    ],
    "中国邮政储蓄银行（鸿通楼）": [
        116.34911328000001,
        39.96058582
    ],
    "主教学楼": [
        116.35218684615386,
        39.95995829230768
    ],
    "图书馆": [
        116.35203784615383,
        39.961481430769226
    ],
    "教一楼": [
        116.35174240666669,
        39.96054121333332
    ],
    "行政办公楼": [
        116.35174589999998,
        39.96071198333333
    ],
    "财务处": [
        116.35136286,
        39.9607778
    ],
    "后勤处": [
        116.35135893333336,
        39.96069124444444
    ],
    "北邮体育馆": [
        116.35371216451615,
        39.96059937419355
    ],
    "可信网络通信协同创新中心": [
        116.35275739999999,
        39.95920425
    ],
    "明光楼": [
        116.35476747999999,
        39.95705692
    ],
    "留学生1号公寓": [
        116.34953082000001,
        39.96253082
    ],
    "北京邮电大学风味餐厅": [
        116.35035106000001,
        39.9625994
    ],
    "学生9号公寓": [
        116.3494527,
        39.96293324
    ],
    "学生11号公寓": [
        116.34948344,
        39.96333922
    ],
    "学生10号公寓": [
        116.3503626,
        39.96326754
    ],
    "学生6号公寓": [
        116.3520491,
        39.96331951111111
    ],
    "学生活动中心": [
        116.35114136,
        39.962739799999994
    ],
    "经管楼": [
        116.35119654,
        39.96322664
    ],
    "综合服务楼": [
        116.35178936666665,
        39.962813677777774
    ],
    "北邮科技酒店": [
        116.34904862,
        39.9631344
    ],
    "北京邮电大学学生餐厅": [
        116.35289636,
        39.96202798
    ],
    "家属27号楼": [
        116.35377220000001,
        39.96262694
    ],
    "家属28号楼": [
        116.35381248000002,
        39.961896519999996
    ],
    "学生29号公寓": [
        116.35442648064516,
        39.96148407419355
    ],
    "25号楼": [
        116.3543311909091,
        39.962979554545456
    ],
    "26号楼": [
        116.35437028888889,
        39.96233029999999
    ],
    "篮球场": [
        116.35353885999999,
        39.96120476
    ],
    "科学会堂": [
        116.35279726000002,
        39.95993568
    ],
    "教三楼": [
        116.3502741764706,
        39.95903866470588
    ],
    "小松林": [
        116.35118938000001,
        39.96176332
    ],
    "西西楼": [
        116.3554515,
        39.958439255555554
    ],
    "明光桥": [
        116.34865464545456,
        39.956672281818186
    ],
    "教工餐厅": [
        116.35207751428571,
        39.962238899999996
    ],
    "学院超市": [
        116.35159780000001,
        39.962299460000004
    ],
    "时光广场": [
        116.35121048,
        39.961124160000004
    ],
    "北邮邮驿站": [
        116.35119979999999,
        39.963480679999996
    ],
    "明光桥东": [
        116.3523282,
        39.9565586
    ],
    "明光桥北": [
        116.3490333,
        39.9575229
    ],
    "毛主席像": [
        116.3506977,
        39.9598167
    ],
    "零壹时光咖啡馆": [
        116.3505065,
        39.9582958
    ],
    "南区超市": [
        116.3510136,
        39.9581307
    ],
    "中国移动": [
        116.3510298,
        39.9580455
    ],
    "二手书店": [
        116.3510448,
        39.9579667
    ],
    "北京中仁中医医院": [
        116.3543926,
        39.9568721
    ],
    "北京邮电大学西门": [
        116.3491523,
        39.959765
    ],
    "游泳馆": [
        116.3545368,
        39.9604626
    ],
    "球类馆": [
        116.3539088,
        39.9608008
    ],
    "北京邮电大学出版社": [
        116.3547931,
        39.9568855
    ],
    "招生就业处": [
        116.3503857,
        39.9633868
    ],
    "马记粤式快餐": [
        116.3538842,
        39.9568094
    ],
    "鱼味小馆": [
        116.3504776,
        39.9637034
    ],
    "北师大小西门": [
        116.3552158,
        39.9579226
    ],
    "北师大西门": [
        116.3551218,
        39.9613076
    ],
    "Isaac Newton": [
        116.3510789,
        39.9621727
    ],
    "park-test": [
        116.3535974,
        39.9628902
    ],
    "楼上楼茶餐厅": [
        116.352893,
        39.961991
    ],
    "清河站（预留）": [
        116.3088798,
        40.0398907
    ],
    "便利蜂": [
        116.349096,
        39.9633892
    ],
    "教学实验综合楼": [
        116.28627057857146,
        40.15715864999999
    ],
    "教室实验楼": [
        116.28799875714287,
        40.157190538095236
    ],
    "外交学院沙河校区": [
        116.27387062,
        40.15281056
    ],
    "北京邮电大学沙河校区": [
        116.28237633636363,
        40.156731527272726
    ],
    "田径场": [
        116.27991037777777,
        40.15761986666667
    ],
    "篮球场": [
        116.28064795,
        40.1575207
    ],
    "网球场": [
        116.27987005999998,
        40.15647178
    ],
    "排球场": [
        116.28061486666667,
        40.15668503333333
    ],
    "图书馆": [
        116.28559552916664,
        40.158497075
    ],
    "教工食堂": [
        116.28320837142859,
        40.15823101428572
    ],
    "行政办公楼": [
        116.28393415999999,
        40.15837603999999
    ],
    "学生食堂": [
        116.28337234,
        40.15768106
    ],
    "学生活动中心": [
        116.28422908999998,
        40.15782865
    ],
    "快递站": [
        116.27800854285714,
        40.156230785714286
    ],
    "基建处": [
        116.27810484615385,
        40.155811784615395
    ],
    "北京农机试验站": [
        116.28217293809527,
        40.1620034952381
    ],
    "学术报告厅": [
        116.28625600000001,
        40.15713954
    ],
    "校医院": [
        116.28354108,
        40.15877494
    ],
    "生命科学园": [
        116.2881667,
        40.0936293
    ],
    "朱辛庄": [
        116.3077608,
        40.1030209
    ],
    "巩华城": [
        116.2877964,
        40.1296661
    ],
    "沙河高教园": [
        116.2744662,
        40.1634234
    ],
    "沙河": [
        116.2828307,
        40.1470797
    ],
    "北京邮电大学沙河校区-南门": [
        116.2865885,
        40.1542362
    ],
    "甲子钟": [
        116.2813181,
        40.1566931
    ],
    "二维码广场": [
        116.2835945,
        40.1579787
    ],
    "塞纳左岸咖啡": [
        116.2860028,
        40.1581807
    ],
    "邮局": [
        116.2842525,
        40.1577288
    ],
    "图书馆东配楼": [
        116.2861455,
        40.1587062
    ],
    "生活服务区": [
        116.2827118,
        40.1571817
    ],
    "小麦铺": [
        116.2838304,
        40.1578526
    ],
    "信息楼S1": [
        116.2824295,
        40.1565044
    ],
    "S2区": [
        116.2831954,
        40.1566124
    ],
    "S3区": [
        116.2833738,
        40.1561536
    ],
    "S4区": [
        116.2836953,
        40.1557598
    ],
    "S5区": [
        116.2838992,
        40.1553023
    ],
    "E区": [
        116.281768,
        40.1580913
    ],