{
    "西土城-教学楼-教二楼": [
        116.35184315,
        39.95914305714286
    ],
    "西土城-国际汉语培训中心": [
        116.34979845,
        39.96296031666667
    ],
    "西土城-学生发展中心": [
        116.35162546,
        39.96208872
    ],
    "西土城-咖啡厅-Maan Coffee": [
        116.35133026000001,
        39.9623063
    ],
    "西土城-宿舍-留学生2号公寓": [
        116.3490194,
        39.96263332
    ],
    "西土城-宿舍-学生13号公寓": [
        116.34905874,
        39.96177026
    ],
    "西土城-宿舍-学生5号公寓": [
        116.34957623333334,
        39.96224853333334
    ],
    "西土城-宿舍-学生3号公寓": [
        116.34957560000001,
        39.96154896
    ],
    "西土城-宿舍-学生8号公寓": [
        116.3504159,
        39.96223072
    ],
    "西土城-宿舍-学生4号公寓": [
        116.35043759999999,
        39.96157042
    ],
    "西土城-宿舍-学生1号公寓": [
        116.3496417076923,
        39.961095646153844
    ],
    "西土城-宿舍-学生2号公寓": [
        116.35050226153845,
        39.96111426923077
    ],
    "西土城-北京邮电大学": [
        116.35123883333334,
        39.961313
    ],
    "西土城-操场": [
        116.3531469625,
        39.96135
    ],
    "西土城-励耘9号楼": [
        116.35526297999999,
        39.96217874
    ],
    "西土城-北京邮电大学社区卫生服务中心": [
        116.35063942727271,
        39.95852596363636
    ],
    "西土城-宏途书店": [
        116.35054832,
        39.9582476
    ],
    "西土城-科研楼": [
        116.35281992857144,
        39.96277391428571
    ],
    "西土城-教学楼-教四楼": [
        116.35008660476188,
        39.96056334285714
    ],
    "西土城-中国移动通信": [
        116.34908215714286,
        39.96006585714286
    ],
    "西土城-中国邮政储蓄银行（鸿通楼）": [
        116.34911328000001,
        39.96058582
    ],
    "西土城-教学楼-主教学楼": [
        116.35218684615386,
        39.95995829230768
    ],
    "西土城-图书馆": [
        116.35203784615383,
        39.961481430769226
    ],
    "西土城-教学楼-教一楼": [
        116.35174240666669,
        39.96054121333332
    ],
    "西土城-行政办公楼": [
        116.35174589999998,
        39.96071198333333
    ],
    "西土城-财务处": [
        116.35136286,
        39.9607778
    ],
    "西土城-后勤处": [
        116.35135893333336,
        39.96069124444444
    ],
    "西土城-北邮体育馆": [
        116.35371216451615,
        39.96059937419355
    ],
    "西土城-可信网络通信协同创新中心": [
        116.35275739999999,
        39.95920425
    ],
    "西土城-明光楼": [
        116.35476747999999,
        39.95705692
    ],
    "西土城-宿舍-留学生1号公寓": [
        116.34953082000001,
        39.96253082
    ],
    "西土城-北京邮电大学风味餐厅": [
        116.35035106000001,
        39.9625994
    ],
    "西土城-宿舍-学生9号公寓": [
        116.3494527,
        39.96293324
    ],
    "西土城-宿舍-学生11号公寓": [
        116.34948344,
        39.96333922
    ],
    "西土城-宿舍-学生10号公寓": [
        116.3503626,
        39.96326754
    ],
    "西土城-宿舍-学生6号公寓": [
        116.3520491,
        39.96331951111111
    ],
    "西土城-学生活动中心": [
        116.35114136,
        39.962739799999994
    ],
    "西土城-经管楼": [
        116.35119654,
        39.96322664
    ],
    "西土城-综合服务楼": [
        116.35178936666665,
        39.962813677777774
    ],
    "西土城-北邮科技酒店": [
        116.34904862,
        39.9631344
    ],
    "西土城-食堂-北京邮电大学学生餐厅": [
        116.35289636,
        39.96202798
    ],
    "西土城-家属27号楼": [
        116.35377220000001,
        39.96262694
    ],
    "西土城-家属28号楼": [
        116.35381248000002,
        39.961896519999996
    ],
    "西土城-宿舍-学生29号公寓": [
        116.35442648064516,
        39.96148407419355
    ],
    "西土城-25号楼": [
        116.3543311909091,
        39.962979554545456
    ],
    "西土城-26号楼": [
        116.35437028888889,
        39.96233029999999
    ],
    "西土城-篮球场": [
        116.35353885999999,
        39.96120476
    ],
    "西土城-科学会堂": [
        116.35279726000002,
        39.95993568
    ],
    "西土城-教学楼-教三楼": [
        116.3502741764706,
        39.95903866470588
    ],
    "西土城-小松林": [
        116.35118938000001,
        39.96176332
    ],
    "西土城-西西楼": [
        116.3554515,
        39.958439255555554
    ],
    "西土城-明光桥": [
        116.34865464545456,
        39.956672281818186
    ],
    "西土城-食堂-教工餐厅": [
        116.35207751428571,
        39.962238899999996
    ],
    "西土城-商超-学院超市": [
        116.35159780000001,
        39.962299460000004
    ],
    "西土城-时光广场": [
        116.35121048,
        39.961124160000004
    ],
    "西土城-北邮邮驿站": [
        116.35119979999999,
        39.963480679999996
    ],
    "西土城-明光桥东": [
        116.3523282,
        39.9565586
    ],
    "西土城-明光桥北": [
        116.3490333,
        39.9575229
    ],
    "西土城-毛主席像": [
        116.3506977,
        39.9598167
    ],
    "西土城-咖啡厅-零壹时光咖啡馆": [
        116.3505065,
        39.9582958
    ],
    "西土城-商超-南区超市": [
        116.3510136,
        39.9581307
    ],
    "西土城-中国移动": [
        116.3510298,
        39.9580455
    ],
    "西土城-二手书店": [
        116.3510448,
        39.9579667
    ],
    "西土城-北京中仁中医医院": [
        116.3543926,
        39.9568721
    ],
    "西土城-北京邮电大学西门": [
        116.3491523,
        39.959765
    ],
    "西土城-游泳馆": [
        116.3545368,
        39.9604626
    ],
    "西土城-球类馆": [
        116.3539088,
        39.9608008
    ],
    "西土城-北京邮电大学出版社": [
        116.3547931,
        39.9568855
    ],
    "西土城-招生就业处": [
        116.3503857,
        39.9633868
    ],
    "西土城-餐馆-马记粤式快餐": [
        116.3538842,
        39.9568094
    ],
    "西土城-餐馆-鱼味小馆": [
        116.3504776,
        39.9637034
    ],
    "西土城-Isaac Newton": [
        116.3510789,
        39.9621727
    ],
    "西土城-park-test": [
        116.3535974,
        39.9628902
    ],
    "西土城-餐馆-楼上楼茶餐厅": [
        116.352893,
        39.961991
    ],
    "西土城-清河站（预留）": [
        116.3088798,
        40.0398907
    ],
    "西土城-商超-便利蜂": [
        116.349096,
        39.9633892
    ],
    "沙河-教学楼-教学实验综合楼": [
        116.28627057857146,
        40.15715864999999
    ],
    "沙河-教学楼-教室实验楼": [
        116.28799875714287,
        40.157190538095236
    ],
    "沙河-北京邮电大学沙河校区": [
        116.28237633636363,
        40.156731527272726
    ],
    "沙河-田径场": [
        116.27991037777777,
        40.15761986666667
    ],
    "沙河-篮球场": [
        116.28064795,
        40.1575207
    ],
    "沙河-网球场": [
        116.27987005999998,
        40.15647178
    ],
    "沙河-排球场": [
        116.28061486666667,
        40.15668503333333
    ],
    "沙河-图书馆": [
        116.28559552916664,
        40.158497075
    ],
    "沙河-食堂-教工食堂": [
        116.28320837142859,
        40.15823101428572
    ],
    "沙河-行政办公楼": [
        116.28393415999999,
        40.15837603999999
    ],
    "沙河-食堂-学生食堂": [
        116.28337234,
        40.15768106
    ],
    "沙河-学生活动中心": [
        116.28422908999998,
        40.15782865
    ],
    "沙河-快递站": [
        116.27800854285714,
        40.156230785714286
    ],
    "沙河-基建处": [
        116.27810484615385,
        40.155811784615395
    ],
    "沙河-学术报告厅": [
        116.28625600000001,
        40.15713954
    ],
    "沙河-校医院": [
        116.28354108,
        40.15877494
    ],
    "沙河-北京邮电大学沙河校区-南门": [
        116.2865885,
        40.1542362
    ],
    "沙河-甲子钟": [
        116.2813181,
        40.1566931
    ],
    "沙河-二维码广场": [
        116.2835945,
        40.1579787
    ],
    "沙河-咖啡厅-塞纳左岸咖啡": [
        116.2860028,
        40.1581807
    ],
    "沙河-邮局": [
        116.2842525,
        40.1577288
    ],
    "沙河-图书馆东配楼": [
        116.2861455,
        40.1587062
    ],
    "沙河-商超-生活服务区": [
        116.2827118,
        40.1571817
    ],
    "沙河-商超-小麦铺": [
        116.2838304,
        40.1578526
    ],
    "沙河-信息楼S1": [
        116.2824295,
        40.1565044
    ],
    "沙河-宿舍-S2区": [
        116.2831954,
        40.1566124
    ],
    "沙河-宿舍-S3区": [
        116.2833738,
        40.1561536
    ],
    "沙河-宿舍-S4区": [
        116.2836953,
        40.1557598
    ],
    "沙河-宿舍-S5区": [
        116.2838992,
        40.1553023
    ],
    "沙河-宿舍-E区": [
        116.281768,
        40.1580913
    ],
    "沙河-宿舍-D2区": [
        116.2825101,
        40.1582654
    ],
    "沙河-宿舍-D1区": [
        116.2828629,
        40.1575558
    ],
    "沙河-宿舍-C区": [
        116.2823805,
        40.1576656
    ],